SCresultID,runID,pcrChemistryID,standardCurveID,wellLocation,sampleName,copyNumber,control,standardConc,userProvidedThresholdValue,userProvidedCqValue,systemCalculatedThresholdValue,systemCalculatedCqValue,Cycle_Number1,Cycle_Number2,Cycle_Number3,Cycle_Number4,Cycle_Number5,Cycle_Number6,Cycle_Number7,Cycle_Number8,Cycle_Number9,Cycle_Number10,Cycle_Number11,Cycle_Number12,Cycle_Number13,Cycle_Number14,Cycle_Number15,Cycle_Number16,Cycle_Number17,Cycle_Number18,Cycle_Number19,Cycle_Number20,Cycle_Number21,Cycle_Number22,Cycle_Number23,Cycle_Number24,Cycle_Number25,Cycle_Number26,Cycle_Number27,Cycle_Number28,Cycle_Number29,Cycle_Number30,Cycle_Number31,Cycle_Number32,Cycle_Number33,Cycle_Number34,Cycle_Number35,Cycle_Number36,Cycle_Number37,Cycle_Number38,Cycle_Number39,Cycle_Number40,Cycle_Number41,Cycle_Number42,Cycle_Number43,Cycle_Number44,Cycle_Number45,Cycle_Number46,Cycle_Number47,Cycle_Number48,Cycle_Number49,Cycle_Number50,Cycle_Number51,Cycle_Number52,Cycle_Number53,Cycle_Number54,Cycle_Number55,Cycle_Number56,Cycle_Number57,Cycle_Number58,Cycle_Number59,Cycle_Number60,Cycle_Number61,Cycle_Number62,Cycle_Number63,Cycle_Number64,Cycle_Number65,Cycle_Number66,Cycle_Number67,Cycle_Number68,Cycle_Number69,Cycle_Number70
1,2,2,1,1,,,,5704000,9.73,18.72864964,1,0,8.472179,8.482388,8.473637,8.37592,8.282579,8.263619,8.29133,8.320499,8.273828,8.279662,8.319041,8.332167,8.370087,8.421133,8.529058,8.642818,8.914091,9.297665,9.813959,10.430887,11.21262,12.020605,12.949642,13.9166,14.912726,16.075117,17.238965,18.394064,19.660005,21.017828,22.506913,24.138927,25.994085,28.108848,30.604268,33.159485,35.529479,38.178037,41.003069,43.502865,NULL,NULL,NULL,NULL,NULL,NULL,NULL,NULL,NULL,NULL,NULL,NULL,NULL,NULL,NULL,NULL,NULL,NULL,NULL,NULL,NULL,NULL,NULL,NULL,NULL,NULL,NULL,NULL,NULL,NULL
2,2,2,1,2,,,,5704000,9.73,9.356948145,,0,9.857713,9.86063,9.832919,9.78479,9.663738,9.538311,9.500391,9.526643,9.490182,9.507683,9.542686,9.574772,9.62436,9.697283,9.830002,9.971473,10.308376,10.78675,11.422638,12.186869,13.139242,14.148494,15.294842,16.474734,17.698379,19.121834,20.561331,21.983327,23.539501,25.238604,27.080635,29.091848,31.346623,33.949969,36.957308,40.040487,42.926774,46.103294,49.470872,52.428623,NULL,NULL,NULL,NULL,NULL,NULL,NULL,NULL,NULL,NULL,NULL,NULL,NULL,NULL,NULL,NULL,NULL,NULL,NULL,NULL,NULL,NULL,NULL,NULL,NULL,NULL,NULL,NULL,NULL,NULL
3,2,2,1,3,,,,5704000,9.73,18.40507025,,0,8.731784,8.737618,8.689489,8.626775,8.496972,8.457594,8.478012,8.492597,8.459052,8.47072,8.498431,8.515932,8.559686,8.606357,8.714282,8.816374,9.086189,9.458096,9.971473,10.595692,11.377425,12.191245,13.126116,14.100365,15.093575,16.255965,17.444608,18.599706,19.887524,21.259932,22.756309,24.383948,26.263899,28.343659,30.847831,33.39138,35.809502,38.442018,41.237881,43.707049,NULL,NULL,NULL,NULL,NULL,NULL,NULL,NULL,NULL,NULL,NULL,NULL,NULL,NULL,NULL,NULL,NULL,NULL,NULL,NULL,NULL,NULL,NULL,NULL,NULL,NULL,NULL,NULL,NULL,NULL
4,2,2,1,4,,,,5704000,9.73,16.49723043,,0,9.304958,9.332668,9.296207,9.250995,9.102232,9.068688,9.078897,9.109524,9.070146,9.086189,9.116817,9.140152,9.176613,9.239327,9.363296,9.494557,9.812501,10.252955,10.871341,11.602028,12.52669,13.492189,14.599158,15.74113,16.932689,18.303639,19.687715,21.089293,22.607547,24.227893,25.99846,27.984879,30.203192,32.745284,35.665115,38.650577,41.442065,44.507742,47.754268,50.599718,NULL,NULL,NULL,NULL,NULL,NULL,NULL,NULL,NULL,NULL,NULL,NULL,NULL,NULL,NULL,NULL,NULL,NULL,NULL,NULL,NULL,NULL,NULL,NULL,NULL,NULL,NULL,NULL,NULL,NULL
5,2,2,1,5,,,,5704000,9.73,9.608413067,,0,9.911676,9.916051,9.904384,9.813959,9.707492,9.554354,9.547062,9.590815,9.555812,9.568938,9.603941,9.638944,9.687073,9.754163,9.883965,10.029811,10.35213,10.820295,11.463474,12.239374,13.229666,14.266629,15.46694,16.713921,18.00028,19.490824,20.984284,22.485036,24.124342,25.867199,27.77632,29.936295,32.310663,35.011726,38.135742,41.280176,44.259804,47.519456,50.964332,54.037302,NULL,NULL,NULL,NULL,NULL,NULL,NULL,NULL,NULL,NULL,NULL,NULL,NULL,NULL,NULL,NULL,NULL,NULL,NULL,NULL,NULL,NULL,NULL,NULL,NULL,NULL,NULL,NULL,NULL,NULL
6,2,2,1,6,,,,570400,9.73,19.7882839,,0,9.501849,9.514976,9.477056,9.385173,9.25537,9.162029,9.169321,9.21745,9.178072,9.182447,9.19849,9.218909,9.230576,9.252453,9.281622,9.25537,9.316625,9.39684,9.528102,9.72791,10.086691,10.565065,11.234497,12.026439,12.905889,14.00119,15.15483,16.343473,17.675044,19.089748,20.644463,22.240016,23.934743,25.735938,27.865285,30.022344,32.195445,34.712743,37.50423,40.214043,NULL,NULL,NULL,NULL,NULL,NULL,NULL,NULL,NULL,NULL,NULL,NULL,NULL,NULL,NULL,NULL,NULL,NULL,NULL,NULL,NULL,NULL,NULL,NULL,NULL,NULL,NULL,NULL,NULL,NULL
7,2,2,1,7,,,,570400,9.73,20.27770463,,0,9.281622,9.29329,9.233493,9.115358,9.03806,9.020558,9.040977,9.080355,9.036602,9.033685,9.05702,9.049728,9.081814,9.106607,9.124109,9.100774,9.163487,9.23641,9.364754,9.561646,9.916051,10.379841,11.020103,11.781418,12.612739,13.643868,14.736253,15.881142,17.125206,18.474279,19.932736,21.443698,23.024666,24.732519,26.701436,28.763695,30.827412,33.219282,35.911594,38.512024,NULL,NULL,NULL,NULL,NULL,NULL,NULL,NULL,NULL,NULL,NULL,NULL,NULL,NULL,NULL,NULL,NULL,NULL,NULL,NULL,NULL,NULL,NULL,NULL,NULL,NULL,NULL,NULL,NULL,NULL
8,2,2,1,8,,,,570400,9.73,21.20397528,,0,9.035143,9.049728,9.027851,8.972429,8.861587,8.762412,8.787205,8.80179,8.753661,8.753661,8.778455,8.793039,8.804707,8.83971,8.865962,8.842627,8.898048,8.966596,9.074521,9.259745,9.579148,10.007934,10.600068,11.317629,12.122697,13.120282,14.186414,15.306509,16.530155,17.842767,19.282264,20.774266,22.337732,24.001832,25.921162,27.961544,29.933378,32.269827,34.944637,37.54215,NULL,NULL,NULL,NULL,NULL,NULL,NULL,NULL,NULL,NULL,NULL,NULL,NULL,NULL,NULL,NULL,NULL,NULL,NULL,NULL,NULL,NULL,NULL,NULL,NULL,NULL,NULL,NULL,NULL,NULL
9,2,2,1,9,,,,570400,9.73,22.02953298,,0,8.628233,8.625317,8.581563,8.517391,8.397797,8.35696,8.38613,8.397797,8.35696,8.364253,8.391963,8.405089,8.424049,8.429883,8.460511,8.445926,8.495514,8.566978,8.689489,8.87763,9.208699,9.636027,10.231078,10.925304,11.705578,12.657951,13.656994,14.705625,15.857806,17.096037,18.417399,19.80585,21.245348,22.804439,24.593966,26.465166,28.321783,30.475924,32.863419,35.14007,NULL,NULL,NULL,NULL,NULL,NULL,NULL,NULL,NULL,NULL,NULL,NULL,NULL,NULL,NULL,NULL,NULL,NULL,NULL,NULL,NULL,NULL,NULL,NULL,NULL,NULL,NULL,NULL,NULL,NULL
10,2,2,1,10,,,,570400,9.73,19.16685125,,0,9.618526,9.614151,9.552895,9.399757,9.277247,9.253912,9.278705,9.306416,9.272872,9.288915,9.326835,9.335585,9.353087,9.318084,9.323918,9.307875,9.382256,9.482889,9.638944,9.870839,10.274832,10.794043,11.502853,12.3473,13.285088,14.437269,15.634662,16.904979,18.280304,19.770847,21.3664,23.036333,24.812734,26.70727,28.868704,31.135147,33.413257,36.025354,38.946644,41.754174,NULL,NULL,NULL,NULL,NULL,NULL,NULL,NULL,NULL,NULL,NULL,NULL,NULL,NULL,NULL,NULL,NULL,NULL,NULL,NULL,NULL,NULL,NULL,NULL,NULL,NULL,NULL,NULL,NULL,NULL
11,2,2,1,11,,,,570400,9.73,20.08706323,,0,9.402674,9.4158,9.366213,9.259745,9.145986,9.121192,9.127026,9.16057,9.127026,9.131401,9.15182,9.157653,9.17078,9.185364,9.207241,9.192656,9.23641,9.310791,9.437677,9.625818,9.977306,10.42797,11.056565,11.797461,12.620031,13.646785,14.715834,15.837388,17.077077,18.410107,19.842312,21.340147,22.902155,24.583756,26.519129,28.539093,30.563431,32.891129,35.504685,38.016148,NULL,NULL,NULL,NULL,NULL,NULL,NULL,NULL,NULL,NULL,NULL,NULL,NULL,NULL,NULL,NULL,NULL,NULL,NULL,NULL,NULL,NULL,NULL,NULL,NULL,NULL,NULL,NULL,NULL,NULL
12,2,2,1,12,,,,57040,9.73,5.548218499,,0,9.787707,9.762913,9.668114,9.519351,9.4158,9.383714,9.389548,9.414342,9.379339,9.367671,9.382256,9.391007,9.398299,9.405591,9.417259,9.373505,9.402674,9.417259,9.431843,9.449345,9.513517,9.595191,9.767289,10.016685,10.374007,10.983642,11.720163,12.614197,13.664287,14.889391,16.27055,17.761093,19.318726,20.962407,22.741725,24.500624,26.192435,28.07822,30.144854,32.17211,NULL,NULL,NULL,NULL,NULL,NULL,NULL,NULL,NULL,NULL,NULL,NULL,NULL,NULL,NULL,NULL,NULL,NULL,NULL,NULL,NULL,NULL,NULL,NULL,NULL,NULL,NULL,NULL,NULL,NULL
13,2,2,1,13,,,,57040,9.73,23.61716003,,0,9.348711,9.361837,9.328293,9.269955,9.145986,9.010349,9.016183,9.046811,9.017642,9.029309,9.05702,9.086189,9.105149,9.128484,9.14161,9.108066,9.150361,9.173696,9.197032,9.218909,9.283081,9.360379,9.535394,9.777498,10.127528,10.697784,11.412428,12.2525,13.263211,14.418309,15.735296,17.142707,18.609915,20.182132,21.853524,23.50304,25.107343,26.873534,28.859953,30.802618,NULL,NULL,NULL,NULL,NULL,NULL,NULL,NULL,NULL,NULL,NULL,NULL,NULL,NULL,NULL,NULL,NULL,NULL,NULL,NULL,NULL,NULL,NULL,NULL,NULL,NULL,NULL,NULL,NULL,NULL
14,2,2,1,14,,,,57040,9.73,24.25519138,,0,9.287456,9.307875,9.269955,9.18974,9.064312,8.992848,8.998682,9.024934,8.982639,8.987014,9.010349,9.024934,9.032226,9.035143,9.046811,9.016183,9.043894,9.052645,9.073063,9.089106,9.154737,9.215992,9.357462,9.577689,9.904384,10.426511,11.076983,11.857258,12.786295,13.872846,15.095033,16.422229,17.80193,19.254553,20.81802,22.378569,23.886614,25.572591,27.423373,29.291657,NULL,NULL,NULL,NULL,NULL,NULL,NULL,NULL,NULL,NULL,NULL,NULL,NULL,NULL,NULL,NULL,NULL,NULL,NULL,NULL,NULL,NULL,NULL,NULL,NULL,NULL,NULL,NULL,NULL,NULL
15,2,2,1,15,,,,57040,9.73,17.44210743,,0,9.951054,9.961263,9.908759,9.816876,9.678323,9.564563,9.568938,9.606858,9.571855,9.583523,9.603941,9.612692,9.62436,9.640403,9.659363,9.614151,9.644778,9.668114,9.694366,9.706033,9.774581,9.856255,10.026894,10.277749,10.642363,11.253457,12.007479,12.89568,13.960353,15.170873,16.566617,18.055702,19.62646,21.2716,23.055293,24.820027,26.504545,28.37137,30.448213,32.46526,NULL,NULL,NULL,NULL,NULL,NULL,NULL,NULL,NULL,NULL,NULL,NULL,NULL,NULL,NULL,NULL,NULL,NULL,NULL,NULL,NULL,NULL,NULL,NULL,NULL,NULL,NULL,NULL,NULL,NULL
16,2,2,1,16,,,,57040,9.73,12.10197593,,0,9.834378,9.847504,9.792082,9.716243,9.579148,9.501849,9.5106,9.52956,9.478514,9.485806,9.501849,9.519351,9.528102,9.545603,9.552895,9.517892,9.551437,9.571855,9.58644,9.611234,9.672489,9.754163,9.913134,10.155238,10.527145,11.114903,11.849966,12.730874,13.76492,14.960855,16.333263,17.793179,19.35227,20.952198,22.714014,24.445203,26.126804,27.973211,30.034011,32.056892,NULL,NULL,NULL,NULL,NULL,NULL,NULL,NULL,NULL,NULL,NULL,NULL,NULL,NULL,NULL,NULL,NULL,NULL,NULL,NULL,NULL,NULL,NULL,NULL,NULL,NULL,NULL,NULL,NULL,NULL
17,2,2,1,17,,,,57040,9.73,24.16519532,,0,9.488723,9.494557,9.455179,9.389548,9.250995,9.110983,9.110983,9.109524,9.061395,9.054103,9.067229,9.080355,9.087648,9.090564,9.093481,9.058478,9.084731,9.087648,9.112441,9.121192,9.188281,9.252453,9.382256,9.602483,9.939387,10.483391,11.167408,11.987061,12.972978,14.097448,15.394017,16.788302,18.239467,19.802933,21.467033,23.122382,24.690224,26.45204,28.362619,30.274657,NULL,NULL,NULL,NULL,NULL,NULL,NULL,NULL,NULL,NULL,NULL,NULL,NULL,NULL,NULL,NULL,NULL,NULL,NULL,NULL,NULL,NULL,NULL,NULL,NULL,NULL,NULL,NULL,NULL,NULL
18,2,2,1,18,,,,5704,9.73,6.153690117,,0,10.057522,10.091066,10.045854,9.991891,9.848962,9.729369,9.745412,9.774581,9.738119,9.74687,9.781873,9.792082,9.809584,9.821252,9.835836,9.802292,9.828544,9.856255,9.872298,9.872298,9.905842,9.910217,9.940845,9.972931,9.997725,10.146488,10.331712,10.62632,11.110528,11.829547,12.799421,13.993898,15.379432,16.851016,18.452402,20.049413,21.572042,23.183637,24.903159,26.485585,NULL,NULL,NULL,NULL,NULL,NULL,NULL,NULL,NULL,NULL,NULL,NULL,NULL,NULL,NULL,NULL,NULL,NULL,NULL,NULL,NULL,NULL,NULL,NULL,NULL,NULL,NULL,NULL,NULL,NULL
19,2,2,1,19,,,,5704,9.73,19.32507072,,0,9.813959,9.828544,9.770206,9.72791,9.589357,9.496016,9.513517,9.54852,9.513517,9.517892,9.538311,9.552895,9.583523,9.603941,9.612692,9.576231,9.601024,9.615609,9.622901,9.628735,9.657904,9.669572,9.697283,9.71916,9.748329,9.876673,10.066272,10.341921,10.804252,11.511604,12.477102,13.65116,14.978357,16.438272,18.032366,19.635211,21.141797,22.751934,24.465621,26.064091,NULL,NULL,NULL,NULL,NULL,NULL,NULL,NULL,NULL,NULL,NULL,NULL,NULL,NULL,NULL,NULL,NULL,NULL,NULL,NULL,NULL,NULL,NULL,NULL,NULL,NULL,NULL,NULL,NULL,NULL
20,2,2,1,20,,,,5704,9.73,28.46840849,,0,8.994306,9.001599,9.003057,8.966596,8.848461,8.776996,8.788664,8.825125,8.78283,8.803248,8.819291,8.830959,8.848461,8.844085,8.861587,8.826584,8.848461,8.854294,8.865962,8.864504,8.88638,8.884922,8.909716,8.935968,8.96222,9.073063,9.220367,9.45372,9.853338,10.444013,11.270958,12.306463,13.481979,14.768339,16.177209,17.590454,18.927859,20.330895,21.822897,23.164678,NULL,NULL,NULL,NULL,NULL,NULL,NULL,NULL,NULL,NULL,NULL,NULL,NULL,NULL,NULL,NULL,NULL,NULL,NULL,NULL,NULL,NULL,NULL,NULL,NULL,NULL,NULL,NULL,NULL,NULL
21,2,2,1,21,,,,5704,9.73,27.16945942,,0,9.5106,9.504766,9.462471,9.4158,9.315167,9.18974,9.115358,9.15182,9.112441,9.118275,9.127026,9.14161,9.147444,9.159112,9.176613,9.14161,9.167863,9.192656,9.204324,9.207241,9.233493,9.245161,9.285998,9.310791,9.332668,9.465388,9.631652,9.881048,10.309835,10.945722,11.803295,12.865052,14.072655,15.375057,16.798511,18.221966,19.572497,21.152006,22.693596,24.102466,NULL,NULL,NULL,NULL,NULL,NULL,NULL,NULL,NULL,NULL,NULL,NULL,NULL,NULL,NULL,NULL,NULL,NULL,NULL,NULL,NULL,NULL,NULL,NULL,NULL,NULL,NULL,NULL,NULL,NULL
22,2,2,1,22,,,,5704,9.73,28.01587086,,0,9.287456,9.280164,9.243702,9.183906,9.074521,8.953469,8.946177,8.979722,8.949094,8.956386,8.963679,8.985556,8.994306,9.004515,9.017642,8.98118,8.998682,9.010349,9.023475,9.017642,9.03806,9.049728,9.064312,9.089106,9.109524,9.221826,9.38809,9.634569,10.054605,10.667157,11.534939,12.589404,13.797006,15.132953,16.598703,18.055702,19.441236,20.918653,22.474827,23.927451,NULL,NULL,NULL,NULL,NULL,NULL,NULL,NULL,NULL,NULL,NULL,NULL,NULL,NULL,NULL,NULL,NULL,NULL,NULL,NULL,NULL,NULL,NULL,NULL,NULL,NULL,NULL,NULL,NULL,NULL
23,2,2,1,23,,,,5704,9.73,27.94804441,,0,9.18974,9.205783,9.172238,9.045352,8.950553,8.930134,8.952011,8.970971,8.940343,8.941802,8.960762,8.979722,8.995765,8.997223,9.004515,8.973888,8.997223,9.005974,9.011808,9.016183,9.042435,9.03806,9.064312,9.086189,9.112441,9.233493,9.402674,9.66228,10.095442,10.742997,11.632656,12.717748,13.953061,15.316719,16.78101,18.248218,19.681881,21.15784,22.754851,24.273105,NULL,NULL,NULL,NULL,NULL,NULL,NULL,NULL,NULL,NULL,NULL,NULL,NULL,NULL,NULL,NULL,NULL,NULL,NULL,NULL,NULL,NULL,NULL,NULL,NULL,NULL,NULL,NULL,NULL,NULL
24,2,2,1,24,,,,570.4,9.73,30.56701413,,0,9.326835,9.338502,9.306416,9.218909,9.103691,9.036602,9.043894,9.068688,9.033685,9.039518,9.058478,9.065771,9.074521,9.084731,9.097857,9.059937,9.07598,9.089106,9.099315,9.086189,9.112441,9.106607,9.127026,9.128484,9.115358,9.163487,9.194115,9.239327,9.313708,9.47268,9.767289,10.280666,11.056565,12.071651,13.305506,14.603533,15.923437,17.326473,18.833059,20.209843,NULL,NULL,NULL,NULL,NULL,NULL,NULL,NULL,NULL,NULL,NULL,NULL,NULL,NULL,NULL,NULL,NULL,NULL,NULL,NULL,NULL,NULL,NULL,NULL,NULL,NULL,NULL,NULL,NULL,NULL
25,2,2,1,25,,,,570.4,9.73,30.04729981,,0,9.45372,9.506225,9.466846,9.392465,9.259745,9.215992,9.220367,9.245161,9.208699,9.211616,9.21745,9.237869,9.242244,9.253912,9.265579,9.227659,9.250995,9.261204,9.265579,9.265579,9.288915,9.296207,9.306416,9.31225,9.302041,9.348711,9.382256,9.408508,9.498932,9.627277,9.929177,10.419219,11.180534,12.197079,13.448435,14.759588,16.088243,17.505863,19.037243,20.470907,NULL,NULL,NULL,NULL,NULL,NULL,NULL,NULL,NULL,NULL,NULL,NULL,NULL,NULL,NULL,NULL,NULL,NULL,NULL,NULL,NULL,NULL,NULL,NULL,NULL,NULL,NULL,NULL,NULL,NULL
26,2,2,1,26,,,,570.4,9.73,8.569275709,,0,9.885424,9.878131,9.808125,9.698741,9.656446,9.650612,9.679781,9.695824,9.660821,9.668114,9.706033,9.738119,9.755621,9.761455,9.773122,9.742495,9.768747,9.778956,9.794999,9.793541,9.818335,9.812501,9.824168,9.827085,9.827085,9.866464,9.894174,9.923344,9.991891,10.127528,10.413385,10.913636,11.674951,12.710455,13.972021,15.331303,16.703712,18.181129,19.743137,21.230763,NULL,NULL,NULL,NULL,NULL,NULL,NULL,NULL,NULL,NULL,NULL,NULL,NULL,NULL,NULL,NULL,NULL,NULL,NULL,NULL,NULL,NULL,NULL,NULL,NULL,NULL,NULL,NULL,NULL,NULL
27,2,2,1,27,,,,570.4,9.73,26.39969012,,0,9.631652,9.617068,9.509142,9.481431,9.462471,9.455179,9.485806,9.513517,9.482889,9.503308,9.525185,9.551437,9.573314,9.582065,9.612692,9.584981,9.6054,9.634569,9.646237,9.640403,9.666655,9.668114,9.688532,9.68999,9.676864,9.724993,9.751246,9.780415,9.853338,10.015226,10.305459,10.839255,11.632656,12.684203,13.990981,15.366306,16.728505,18.203006,19.773764,21.249723,NULL,NULL,NULL,NULL,NULL,NULL,NULL,NULL,NULL,NULL,NULL,NULL,NULL,NULL,NULL,NULL,NULL,NULL,NULL,NULL,NULL,NULL,NULL,NULL,NULL,NULL,NULL,NULL,NULL,NULL
28,2,2,1,28,,,,570.4,9.73,30.48825665,,0,9.103691,9.048269,9.049728,9.055561,9.040977,9.032226,9.059937,9.074521,9.045352,9.052645,9.070146,9.080355,9.100774,9.103691,9.124109,9.086189,9.108066,9.128484,9.140152,9.135777,9.15182,9.156195,9.178072,9.178072,9.162029,9.199949,9.239327,9.262662,9.344336,9.493099,9.789165,10.308376,11.085734,12.113946,13.346343,14.656038,15.9774,17.400854,18.91765,20.352772,NULL,NULL,NULL,NULL,NULL,NULL,NULL,NULL,NULL,NULL,NULL,NULL,NULL,NULL,NULL,NULL,NULL,NULL,NULL,NULL,NULL,NULL,NULL,NULL,NULL,NULL,NULL,NULL,NULL,NULL
29,2,2,1,29,,,,570.4,9.73,32.00671734,,0,8.711366,8.739076,8.727409,8.685113,8.6224,8.501348,8.473637,8.476554,8.450302,8.454677,8.482388,8.48968,8.504265,8.513015,8.534892,8.502806,8.523225,8.540726,8.548018,8.54656,8.569895,8.578646,8.596147,8.601981,8.585938,8.632609,8.666153,8.68803,8.76387,8.892214,9.16057,9.606858,10.296709,11.198035,12.303546,13.489272,14.686665,15.921978,17.279802,18.554494,NULL,NULL,NULL,NULL,NULL,NULL,NULL,NULL,NULL,NULL,NULL,NULL,NULL,NULL,NULL,NULL,NULL,NULL,NULL,NULL,NULL,NULL,NULL,NULL,NULL,NULL,NULL,NULL,NULL,NULL
30,2,2,1,30,,,,57.04,9.73,35.35558811,,0,8.671987,8.696781,8.670529,8.61219,8.5276,8.447385,8.447385,8.459052,8.440092,8.444468,8.467803,8.480929,8.491138,8.499889,8.507182,8.486763,8.507182,8.515932,8.5276,8.5276,8.543643,8.539268,8.548018,8.548018,8.539268,8.564061,8.581563,8.575729,8.587397,8.590314,8.634067,8.690947,8.797415,9.022017,9.446428,10.028352,10.757581,11.672034,12.730874,13.807215,NULL,NULL,NULL,NULL,NULL,NULL,NULL,NULL,NULL,NULL,NULL,NULL,NULL,NULL,NULL,NULL,NULL,NULL,NULL,NULL,NULL,NULL,NULL,NULL,NULL,NULL,NULL,NULL,NULL,NULL
31,2,2,1,31,,,,57.04,9.73,22.42861318,,0,9.703117,9.735203,9.695824,9.659363,9.549978,9.428927,9.36913,9.392465,9.366213,9.36913,9.395382,9.409967,9.423093,9.428927,9.439136,9.417259,9.437677,9.443511,9.452262,9.447886,9.474139,9.465388,9.474139,9.478514,9.46393,9.504766,9.509142,9.513517,9.517892,9.545603,9.570397,9.622901,9.685615,9.848962,10.169823,10.671532,11.330755,12.245208,13.37697,14.571447,NULL,NULL,NULL,NULL,NULL,NULL,NULL,NULL,NULL,NULL,NULL,NULL,NULL,NULL,NULL,NULL,NULL,NULL,NULL,NULL,NULL,NULL,NULL,NULL,NULL,NULL,NULL,NULL,NULL,NULL
32,2,2,1,32,,,,57.04,9.73,14.8413249,,0,9.95543,9.953971,9.937928,9.892716,9.770206,9.633111,9.631652,9.672489,9.631652,9.64332,9.665197,9.682698,9.692907,9.697283,9.711867,9.694366,9.720618,9.733744,9.741036,9.732286,9.76583,9.751246,9.773122,9.774581,9.761455,9.796458,9.802292,9.808125,9.808125,9.830002,9.853338,9.895633,9.962722,10.117318,10.452764,10.948639,11.619529,12.550025,13.702206,14.920018,NULL,NULL,NULL,NULL,NULL,NULL,NULL,NULL,NULL,NULL,NULL,NULL,NULL,NULL,NULL,NULL,NULL,NULL,NULL,NULL,NULL,NULL,NULL,NULL,NULL,NULL,NULL,NULL,NULL,NULL
33,2,2,1,33,,,,57.04,9.73,31.24281175,,0,9.656446,9.660821,9.641861,9.577689,9.494557,9.382256,9.309333,9.334127,9.296207,9.313708,9.323918,9.347253,9.354545,9.363296,9.392465,9.370588,9.391007,9.412883,9.430385,9.431843,9.459554,9.465388,9.493099,9.507683,9.500391,9.555812,9.570397,9.580606,9.609775,9.640403,9.687073,9.774581,9.910217,10.177115,10.652572,11.326379,12.154783,13.194663,14.402266,15.617161,NULL,NULL,NULL,NULL,NULL,NULL,NULL,NULL,NULL,NULL,NULL,NULL,NULL,NULL,NULL,NULL,NULL,NULL,NULL,NULL,NULL,NULL,NULL,NULL,NULL,NULL,NULL,NULL,NULL,NULL
34,2,2,1,34,,,,57.04,9.73,33.02452536,,0,9.516434,9.513517,9.469763,9.401216,9.306416,9.164946,9.178072,9.201407,9.169321,9.182447,9.18974,9.211616,9.221826,9.23641,9.261204,9.232035,9.264121,9.29329,9.302041,9.309333,9.334127,9.341419,9.363296,9.36913,9.357462,9.389548,9.405591,9.40705,9.421634,9.431843,9.47268,9.52956,9.650612,9.89855,10.365256,11.020103,11.844132,12.89568,14.11495,15.367765,NULL,NULL,NULL,NULL,NULL,NULL,NULL,NULL,NULL,NULL,NULL,NULL,NULL,NULL,NULL,NULL,NULL,NULL,NULL,NULL,NULL,NULL,NULL,NULL,NULL,NULL,NULL,NULL,NULL,NULL
35,2,2,1,35,,,,57.04,9.73,33.24026633,,0,9.568938,9.587898,9.551437,9.525185,9.427468,9.31225,9.250995,9.261204,9.240786,9.246619,9.267038,9.280164,9.296207,9.307875,9.319542,9.281622,9.306416,9.329751,9.335585,9.337044,9.358921,9.366213,9.385173,9.385173,9.372047,9.405591,9.428927,9.433302,9.447886,9.459554,9.497474,9.542686,9.627277,9.805209,10.15378,10.674449,11.378884,12.312297,13.457186,14.654579,NULL,NULL,NULL,NULL,NULL,NULL,NULL,NULL,NULL,NULL,NULL,NULL,NULL,NULL,NULL,NULL,NULL,NULL,NULL,NULL,NULL,NULL,NULL,NULL,NULL,NULL,NULL,NULL,NULL,NULL
36,2,2,1,36,,,,5.704,9.73,27.32425357,,0,9.544145,9.532477,9.522268,9.501849,9.442053,9.399757,9.334127,9.246619,9.156195,9.15182,9.180989,9.194115,9.232035,9.23641,9.252453,9.234952,9.268496,9.283081,9.299124,9.303499,9.338502,9.337044,9.353087,9.360379,9.360379,9.393924,9.412883,9.414342,9.42601,9.437677,9.46393,9.469763,9.465388,9.469763,9.509142,9.522268,9.496016,9.509142,9.542686,9.526643,NULL,NULL,NULL,NULL,NULL,NULL,NULL,NULL,NULL,NULL,NULL,NULL,NULL,NULL,NULL,NULL,NULL,NULL,NULL,NULL,NULL,NULL,NULL,NULL,NULL,NULL,NULL,NULL,NULL,NULL
37,2,2,1,37,,,,5.704,9.73,0,,0,9.5106,9.539769,9.513517,9.447886,9.372047,9.262662,9.191198,9.211616,9.176613,9.182447,9.208699,9.215992,9.234952,9.240786,9.256829,9.243702,9.264121,9.27433,9.290373,9.29329,9.326835,9.322459,9.345794,9.35017,9.344336,9.383714,9.401216,9.401216,9.414342,9.439136,9.450803,9.462471,9.456637,9.469763,9.507683,9.523726,9.506225,9.516434,9.551437,9.535394,NULL,NULL,NULL,NULL,NULL,NULL,NULL,NULL,NULL,NULL,NULL,NULL,NULL,NULL,NULL,NULL,NULL,NULL,NULL,NULL,NULL,NULL,NULL,NULL,NULL,NULL,NULL,NULL,NULL,NULL
38,2,2,1,38,,,,5.704,9.73,0,,0,9.990433,9.990433,9.961263,9.914593,9.834378,9.701658,9.606858,9.640403,9.612692,9.630194,9.650612,9.669572,9.68124,9.695824,9.717701,9.703117,9.71916,9.732286,9.752704,9.749787,9.777498,9.770206,9.78479,9.794999,9.778956,9.816876,9.82271,9.821252,9.818335,9.831461,9.840211,9.843128,9.835836,9.84167,9.89855,9.913134,9.878131,9.885424,9.921885,9.901467,NULL,NULL,NULL,NULL,NULL,NULL,NULL,NULL,NULL,NULL,NULL,NULL,NULL,NULL,NULL,NULL,NULL,NULL,NULL,NULL,NULL,NULL,NULL,NULL,NULL,NULL,NULL,NULL,NULL,NULL
39,2,2,1,39,,,,5.704,9.73,0,,0,9.694366,9.711867,9.685615,9.634569,9.536852,9.401216,9.357462,9.391007,9.372047,9.38809,9.401216,9.427468,9.428927,9.442053,9.459554,9.427468,9.455179,9.469763,9.482889,9.484348,9.506225,9.520809,9.542686,9.542686,9.541228,9.582065,9.601024,9.593732,9.608317,9.615609,9.638944,9.641861,9.638944,9.649154,9.678323,9.694366,9.675406,9.682698,9.713326,9.697283,NULL,NULL,NULL,NULL,NULL,NULL,NULL,NULL,NULL,NULL,NULL,NULL,NULL,NULL,NULL,NULL,NULL,NULL,NULL,NULL,NULL,NULL,NULL,NULL,NULL,NULL,NULL,NULL,NULL,NULL
40,2,2,1,40,,,,5.704,9.73,0,,0,9.554354,9.568938,9.519351,9.475597,9.329751,9.262662,9.275789,9.309333,9.284539,9.29329,9.303499,9.332668,9.338502,9.35017,9.360379,9.329751,9.358921,9.36913,9.376422,9.383714,9.395382,9.395382,9.408508,9.411425,9.402674,9.430385,9.450803,9.44497,9.452262,9.459554,9.479973,9.485806,9.474139,9.479973,9.522268,9.542686,9.516434,9.52956,9.56748,9.551437,NULL,NULL,NULL,NULL,NULL,NULL,NULL,NULL,NULL,NULL,NULL,NULL,NULL,NULL,NULL,NULL,NULL,NULL,NULL,NULL,NULL,NULL,NULL,NULL,NULL,NULL,NULL,NULL,NULL,NULL
41,2,2,1,41,,,,5.704,9.73,0,,0,9.319542,9.338502,9.33121,9.27433,9.195573,9.062854,9.046811,9.061395,9.035143,9.040977,9.061395,9.081814,9.096398,9.102232,9.112441,9.086189,9.112441,9.115358,9.127026,9.127026,9.145986,9.14161,9.150361,9.145986,9.144527,9.169321,9.182447,9.172238,9.17953,9.186823,9.207241,9.226201,9.249536,9.309333,9.455179,9.675406,10.007934,10.544646,11.310336,12.207288,NULL,NULL,NULL,NULL,NULL,NULL,NULL,NULL,NULL,NULL,NULL,NULL,NULL,NULL,NULL,NULL,NULL,NULL,NULL,NULL,NULL,NULL,NULL,NULL,NULL,NULL,NULL,NULL,NULL,NULL
42,2,2,1,42,,,,0.5704,9.73,0,,0,9.531019,9.549978,9.498932,9.409967,9.297665,9.159112,9.164946,9.194115,9.173696,9.183906,9.208699,9.21745,9.239327,9.243702,9.265579,9.248078,9.267038,9.288915,9.302041,9.299124,9.326835,9.316625,9.329751,9.337044,9.318084,9.354545,9.341419,9.344336,9.347253,9.357462,9.366213,9.376422,9.36913,9.376422,9.402674,9.414342,9.46393,9.47268,9.5106,9.490182,NULL,NULL,NULL,NULL,NULL,NULL,NULL,NULL,NULL,NULL,NULL,NULL,NULL,NULL,NULL,NULL,NULL,NULL,NULL,NULL,NULL,NULL,NULL,NULL,NULL,NULL,NULL,NULL,NULL,NULL
43,2,2,1,43,,,,0.5704,9.73,0,,0,10.000642,9.981682,9.940845,9.824168,9.722076,9.698741,9.72791,9.74687,9.72791,9.733744,9.761455,9.768747,9.790624,9.80375,9.825627,9.802292,9.819793,9.838753,9.848962,9.846045,9.875214,9.873756,9.889799,9.889799,9.872298,9.911676,9.923344,9.916051,9.929177,9.929177,9.946679,9.951054,9.96418,9.959805,9.997725,10.009393,9.988974,9.99335,10.025436,10.009393,NULL,NULL,NULL,NULL,NULL,NULL,NULL,NULL,NULL,NULL,NULL,NULL,NULL,NULL,NULL,NULL,NULL,NULL,NULL,NULL,NULL,NULL,NULL,NULL,NULL,NULL,NULL,NULL,NULL,NULL
44,2,2,1,44,,,,0.5704,9.73,0,,0,9.866464,9.869381,9.790624,9.692907,9.673947,9.67103,9.68999,9.697283,9.672489,9.678323,9.692907,9.704575,9.711867,9.72791,9.741036,9.713326,9.729369,9.745412,9.752704,9.74687,9.76583,9.76583,9.778956,9.783332,9.76583,9.802292,9.816876,9.819793,9.821252,9.824168,9.838753,9.846045,9.84167,9.838753,9.867922,9.882507,9.862088,9.86063,9.89855,9.873756,NULL,NULL,NULL,NULL,NULL,NULL,NULL,NULL,NULL,NULL,NULL,NULL,NULL,NULL,NULL,NULL,NULL,NULL,NULL,NULL,NULL,NULL,NULL,NULL,NULL,NULL,NULL,NULL,NULL,NULL
45,2,2,1,45,,,,0.5704,9.73,0,,0,9.959805,9.988974,9.94522,9.914593,9.789165,9.646237,9.650612,9.649154,9.62436,9.634569,9.66228,9.675406,9.691449,9.694366,9.707492,9.688532,9.70895,9.716243,9.732286,9.726452,9.752704,9.754163,9.762913,9.76583,9.762913,9.786249,9.802292,9.800833,9.80375,9.815418,9.827085,9.838753,9.825627,9.830002,9.867922,9.87959,9.853338,9.865005,9.886882,9.866464,NULL,NULL,NULL,NULL,NULL,NULL,NULL,NULL,NULL,NULL,NULL,NULL,NULL,NULL,NULL,NULL,NULL,NULL,NULL,NULL,NULL,NULL,NULL,NULL,NULL,NULL,NULL,NULL,NULL,NULL
46,2,2,1,46,,,,0.5704,9.73,0,,0,9.780415,9.790624,9.762913,9.704575,9.603941,9.456637,9.420176,9.42601,9.414342,9.417259,9.44497,9.474139,9.493099,9.496016,9.513517,9.493099,9.506225,9.526643,9.532477,9.531019,9.558729,9.557271,9.573314,9.576231,9.563105,9.598108,9.601024,9.598108,9.606858,9.614151,9.621443,9.627277,9.622901,9.62436,9.656446,9.659363,9.64332,9.647695,9.679781,9.666655,NULL,NULL,NULL,NULL,NULL,NULL,NULL,NULL,NULL,NULL,NULL,NULL,NULL,NULL,NULL,NULL,NULL,NULL,NULL,NULL,NULL,NULL,NULL,NULL,NULL,NULL,NULL,NULL,NULL,NULL
47,2,2,1,47,,,,0.5704,9.73,0,,0,9.924802,9.930636,9.886882,9.805209,9.675406,9.577689,9.58644,9.602483,9.582065,9.590815,9.614151,9.627277,9.644778,9.657904,9.668114,9.646237,9.666655,9.682698,9.698741,9.691449,9.711867,9.714784,9.729369,9.733744,9.717701,9.757079,9.76583,9.762913,9.767289,9.773122,9.793541,9.792082,9.790624,9.792082,9.818335,9.837295,9.808125,9.818335,9.846045,9.825627,NULL,NULL,NULL,NULL,NULL,NULL,NULL,NULL,NULL,NULL,NULL,NULL,NULL,NULL,NULL,NULL,NULL,NULL,NULL,NULL,NULL,NULL,NULL,NULL,NULL,NULL,NULL,NULL,NULL,NULL
48,4,4,2,1,NTC,,Y,0,0.398606927,20.64961934,0.859802563,35.09128568,0.27667523,0.28396123,0.29149823,0.28747823,0.26788123,0.243259897,0.17743523,0.12266523,0.08799423,0.104575897,0.124674897,0.144773897,0.168892897,0.19753423,0.233712897,0.26134923,0.291497897,0.31913423,0.35028823,0.379934563,0.40807323,0.439226897,0.470380897,0.50203723,0.534195897,0.57338923,0.609567897,0.642731563,0.67187523,0.68996423,0.717600563,0.75176923,0.794982563,0.835180897,0.859802563,0.901508563,0.92311523,0.95879123,0.98190523,1.00175323,NULL,NULL,NULL,NULL,NULL,NULL,NULL,NULL,NULL,NULL,NULL,NULL,NULL,NULL,NULL,NULL,NULL,NULL,NULL,NULL,NULL,NULL,NULL,NULL,NULL,NULL,NULL,NULL,NULL,NULL
49,4,4,2,2,D,,,1330000,0.398606927,19.00818463,2.461660648,22.85938207,0.145572158,0.121437597,0.092780536,0.064123808,0.023407414,-0.028363314,-0.108273375,-0.16054677,-0.178651831,-0.140981225,-0.106828286,-0.07217268,-0.043044408,-0.010901136,0.022247136,0.058912409,0.116179348,0.20510262,0.349298892,0.575399164,0.95073577,1.549675709,2.461660648,3.731913587,5.357419526,7.246727465,9.27321207,11.31426868,13.30859461,15.18333055,17.00982849,18.7629641,20.47288637,22.08331798,23.57817925,25.04339419,26.40258579,27.73464373,28.95615634,29.56263378,NULL,NULL,NULL,NULL,NULL,NULL,NULL,NULL,NULL,NULL,NULL,NULL,NULL,NULL,NULL,NULL,NULL,NULL,NULL,NULL,NULL,NULL,NULL,NULL,NULL,NULL,NULL,NULL,NULL,NULL
50,4,4,2,3,D,,,1330000,0.398606927,18.96688348,2.494839418,22.8535457,0.115035308,0.11236579,0.105174106,0.077380755,0.03350807,-0.024434281,-0.104988298,-0.152378649,-0.164595334,-0.131588685,-0.110139036,-0.081152387,-0.057190405,-0.021169089,0.016359893,0.058410876,0.118551191,0.210850173,0.358924489,0.591415471,0.97012812,1.574956436,2.494839418,3.797109401,5.476239049,7.447812032,9.573646014,11.72711666,13.84089098,15.84060263,17.78755394,19.65913326,21.47996224,23.21788189,24.83118687,26.41585019,27.88142617,29.32790782,30.65027713,31.31515162,NULL,NULL,NULL,NULL,NULL,NULL,NULL,NULL,NULL,NULL,NULL,NULL,NULL,NULL,NULL,NULL,NULL,NULL,NULL,NULL,NULL,NULL,NULL,NULL,NULL,NULL,NULL,NULL,NULL,NULL
51,4,4,2,4,D,,,1330000,0.398606927,19.00926549,3.612583388,23.89327281,0.094413263,0.096261964,0.103386832,0.080865033,0.042263901,-0.016938898,-0.093225697,-0.140871163,-0.150830628,-0.124611761,-0.10442256,-0.082223692,-0.059019491,-0.02727329,0.007487911,0.052800779,0.114695647,0.207241848,0.351543716,0.573729583,0.936609784,1.507516319,2.386443187,3.612583388,5.188951922,7.02057979,8.995916991,10.98331386,12.92850239,14.75359826,16.53497813,18.24349866,19.9103132,21.48266173,22.95602193,24.3921988,25.730392,27.02486954,28.2213634,28.8176456,NULL,NULL,NULL,NULL,NULL,NULL,NULL,NULL,NULL,NULL,NULL,NULL,NULL,NULL,NULL,NULL,NULL,NULL,NULL,NULL,NULL,NULL,NULL,NULL,NULL,NULL,NULL,NULL,NULL,NULL
52,4,4,2,5,D,,,1330000,0.398606927,18.94985692,3.812322615,23.83640269,0.09277352,0.095228858,0.102457862,0.082552866,0.047573537,-0.014539792,-0.091727455,-0.143791117,-0.150129113,-0.120288442,-0.101000105,-0.083219101,-0.068453097,-0.039617426,0.000272578,0.053729582,0.121758253,0.216418591,0.363336595,0.593666599,0.972227936,1.579417607,2.513721278,3.812322615,5.560643286,7.58181029,9.771307961,11.89799563,13.9920223,15.96344397,17.89868698,19.75202565,21.56365865,23.26323899,24.87287533,26.423219,27.88462367,29.28623367,30.59588968,31.24327768,NULL,NULL,NULL,NULL,NULL,NULL,NULL,NULL,NULL,NULL,NULL,NULL,NULL,NULL,NULL,NULL,NULL,NULL,NULL,NULL,NULL,NULL,NULL,NULL,NULL,NULL,NULL,NULL,NULL,NULL
53,4,4,2,6,D,,,1330000,0.398606927,19.16157161,3.563456293,23.85399669,0.101033879,0.101157636,0.09952306,0.072764151,0.013344241,-0.050095669,-0.110520578,-0.127229488,-0.11881473,-0.09331564,-0.079876216,-0.066938792,-0.052494035,-0.027497278,0.007046479,0.04711757,0.10176066,0.18303475,0.315561841,0.528988265,0.880596689,1.451286446,2.33301087,3.563456293,5.15618905,7.006693808,9.016484898,11.04034532,13.03204741,14.90817884,16.73456493,18.48557868,20.19689677,21.80721653,23.34115962,24.80927771,26.19750147,27.52844256,28.78501665,29.40821541,NULL,NULL,NULL,NULL,NULL,NULL,NULL,NULL,NULL,NULL,NULL,NULL,NULL,NULL,NULL,NULL,NULL,NULL,NULL,NULL,NULL,NULL,NULL,NULL,NULL,NULL,NULL,NULL,NULL,NULL
54,4,4,2,7,E,,,133000,0.398606927,22.33519306,3.032188877,26.83414295,0.242189155,0.21847535,0.183958211,0.128336739,0.060655933,-0.024109206,-0.127968345,-0.194141817,-0.217604289,-0.193331428,-0.179610567,-0.163377372,-0.143124178,-0.115836317,-0.080508789,-0.051713595,-0.016888734,0.016931127,0.060800655,0.113715183,0.185221377,0.297930905,0.477972433,0.760519961,1.226974822,1.953714016,3.032188877,4.470439405,6.234799266,8.174524461,10.21122799,12.23536985,14.21529338,16.1113029,17.92993043,19.70936463,21.41242182,23.06523102,24.64618588,25.42618824,NULL,NULL,NULL,NULL,NULL,NULL,NULL,NULL,NULL,NULL,NULL,NULL,NULL,NULL,NULL,NULL,NULL,NULL,NULL,NULL,NULL,NULL,NULL,NULL,NULL,NULL,NULL,NULL,NULL,NULL
55,4,4,2,8,E,,,133000,0.398606927,22.80348412,2.765408133,26.8381433,0.174207726,0.161603716,0.144477373,0.109764029,0.056459019,-0.015939991,-0.100901001,-0.156215677,-0.165804687,-0.146752364,-0.135237374,-0.122717384,-0.107182394,-0.085617737,-0.06304808,-0.04500109,-0.018411434,0.007675223,0.042304546,0.083968203,0.14321886,0.239150516,0.395379506,0.655119497,1.08921982,1.769535477,2.765408133,4.08537979,5.685735113,7.433317103,9.247226427,11.04254408,12.79464841,14.47439573,16.08128339,17.64897771,19.14733003,20.60297136,21.99530035,22.68164534,NULL,NULL,NULL,NULL,NULL,NULL,NULL,NULL,NULL,NULL,NULL,NULL,NULL,NULL,NULL,NULL,NULL,NULL,NULL,NULL,NULL,NULL,NULL,NULL,NULL,NULL,NULL,NULL,NULL,NULL
56,4,4,2,9,E,,,133000,0.398606927,23.05156575,2.567882901,26.87981068,0.130064585,0.122325988,0.124134558,0.093281794,0.025748031,-0.045303066,-0.101279496,-0.11555026,-0.107209356,-0.093341453,-0.08801555,-0.08067998,-0.07334441,-0.057969174,-0.044603604,-0.036765368,-0.021892464,-0.005512228,0.022425342,0.055387578,0.107444148,0.190654385,0.328634955,0.567613858,0.972913428,1.621412997,2.567882901,3.822372804,5.336142374,6.986083943,8.70285518,10.40203975,12.06554832,13.66624689,15.21217513,16.7219247,18.1648446,19.56756617,20.91803007,21.58210681,NULL,NULL,NULL,NULL,NULL,NULL,NULL,NULL,NULL,NULL,NULL,NULL,NULL,NULL,NULL,NULL,NULL,NULL,NULL,NULL,NULL,NULL,NULL,NULL,NULL,NULL,NULL,NULL,NULL,NULL
57,4,4,2,10,E,,,133000,0.398606927,23.11834971,2.483411988,26.8295245,0.15791392,0.13879148,0.119920207,0.066880267,-0.013795672,-0.068342612,-0.103292885,-0.097542491,-0.098324431,-0.086041704,-0.080793977,-0.074038583,-0.070800523,-0.058015129,-0.044225069,-0.032445009,-0.016142615,0.000662445,0.027517172,0.053869232,0.101827959,0.17641802,0.31482308,0.550206474,0.940353534,1.561641261,2.483411988,3.724257382,5.231919442,6.885300502,8.620083229,10.34129896,12.02884868,13.64755874,15.20597114,16.72669753,18.17355926,19.58775998,20.93714071,21.60465677,NULL,NULL,NULL,NULL,NULL,NULL,NULL,NULL,NULL,NULL,NULL,NULL,NULL,NULL,NULL,NULL,NULL,NULL,NULL,NULL,NULL,NULL,NULL,NULL,NULL,NULL,NULL,NULL,NULL,NULL
58,4,4,2,11,E,,,133000,0.398606927,23.08128873,2.462627485,26.87594431,0.14154637,0.129085875,0.116625379,0.083060883,0.030904721,-0.033311108,-0.09451227,-0.124559432,-0.116920594,-0.09923209,-0.090085919,-0.086467081,-0.078828243,-0.065662406,-0.049481235,-0.034305397,-0.015611892,0.005091279,0.02981445,0.059059621,0.107399125,0.186389963,0.329698468,0.555413305,0.941921476,1.552032981,2.462627485,3.68224699,5.165668494,6.793301665,8.49982417,10.19177434,11.86412785,13.45256735,14.97769452,16.45458369,17.8731852,19.2551057,20.56818654,21.21422554,NULL,NULL,NULL,NULL,NULL,NULL,NULL,NULL,NULL,NULL,NULL,NULL,NULL,NULL,NULL,NULL,NULL,NULL,NULL,NULL,NULL,NULL,NULL,NULL,NULL,NULL,NULL,NULL,NULL,NULL
59,4,4,2,12,E,,,133000,0.398606927,23.01352942,2.603186012,26.83465776,0.119035926,0.112634865,0.111761138,0.093300411,0.051223016,-0.015475711,-0.089209105,-0.129276166,-0.123617893,-0.102382621,-0.088684682,-0.080011409,-0.06731847,-0.054625197,-0.044946925,-0.035771319,-0.020566046,-0.002848107,0.020397165,0.051179438,0.103568377,0.191633316,0.342508589,0.583327528,0.993482134,1.64080674,2.603186012,3.884639951,5.449994891,7.16709883,8.966609436,10.74953837,12.50734331,14.18927359,15.80588153,17.37525613,18.88785074,20.34818734,21.74621662,22.42670506,NULL,NULL,NULL,NULL,NULL,NULL,NULL,NULL,NULL,NULL,NULL,NULL,NULL,NULL,NULL,NULL,NULL,NULL,NULL,NULL,NULL,NULL,NULL,NULL,NULL,NULL,NULL,NULL,NULL,NULL
60,4,4,2,13,F,,,13300,0.398606927,26.10481305,2.165465227,29.81086446,0.196180521,0.190655545,0.17834707,0.132372594,0.066298785,-0.012337024,-0.094490166,-0.145991975,-0.158300451,-0.144982593,-0.140709069,-0.135933211,-0.12462502,-0.110302162,-0.090954305,-0.07713378,-0.053263589,-0.029393398,-0.007030874,0.013824317,0.033674508,0.062067033,0.097494224,0.140458748,0.214074272,0.332912797,0.531143321,0.851476512,1.37983637,2.165465227,3.265144085,4.632141943,6.198122134,7.831434325,9.467258849,11.08951637,12.67861056,14.24559576,15.77187995,16.52861647,NULL,NULL,NULL,NULL,NULL,NULL,NULL,NULL,NULL,NULL,NULL,NULL,NULL,NULL,NULL,NULL,NULL,NULL,NULL,NULL,NULL,NULL,NULL,NULL,NULL,NULL,NULL,NULL,NULL,NULL
61,4,4,2,14,F,,,13300,0.398606927,25.90394344,2.117548422,29.85297027,0.245851749,0.217053071,0.171672559,0.113227382,0.054782537,-0.011199641,-0.085723819,-0.138138997,-0.158395508,-0.142473353,-0.135596197,-0.129723709,-0.127368553,-0.121998398,-0.109593576,-0.101208754,-0.085789265,-0.070872443,-0.054447954,-0.039028466,0.01457969,0.080247178,0.151442001,0.197010156,0.265692311,0.376583133,0.562343289,0.862668777,1.363483599,2.117548422,3.191692577,4.556269732,6.137917888,7.81001271,9.486127198,11.14515769,12.76197984,14.35016066,15.88407349,16.64065031,NULL,NULL,NULL,NULL,NULL,NULL,NULL,NULL,NULL,NULL,NULL,NULL,NULL,NULL,NULL,NULL,NULL,NULL,NULL,NULL,NULL,NULL,NULL,NULL,NULL,NULL,NULL,NULL,NULL,NULL
62,4,4,2,15,F,,,13300,0.398606927,26.52097526,1.895880945,29.85707668,0.219322313,0.177782266,0.105088552,0.022345171,-0.041303876,-0.067266923,-0.076648304,-0.077487351,-0.082346398,-0.075145778,-0.074980159,-0.073809206,-0.071633253,-0.067949967,-0.057232348,-0.052544395,-0.040319109,-0.029601156,-0.01536587,-0.000627917,0.014612369,0.036384655,0.065191608,0.100530894,0.163004181,0.263666133,0.436182419,0.717737039,1.188223658,1.895880945,2.891458897,4.147823517,5.598647803,7.122834089,8.644508375,10.14558066,11.61097695,13.05124923,14.44127385,15.12682197,NULL,NULL,NULL,NULL,NULL,NULL,NULL,NULL,NULL,NULL,NULL,NULL,NULL,NULL,NULL,NULL,NULL,NULL,NULL,NULL,NULL,NULL,NULL,NULL,NULL,NULL,NULL,NULL,NULL,NULL
63,4,4,2,16,F,,,13300,0.398606927,25.8799734,2.213728784,29.86791611,0.299926023,0.268195738,0.205562788,0.13489017,0.048640553,-0.053688065,-0.143957349,-0.193525633,-0.195358584,-0.178097201,-0.164353152,-0.150106769,-0.136865387,-0.121111671,-0.104352622,-0.087593572,-0.063799856,-0.037996474,-0.009178091,0.015620291,0.043936007,0.076774056,0.118656772,0.172599155,0.255182871,0.381482587,0.586671303,0.912957685,1.443250401,2.213728784,3.270620499,4.558652882,6.012000931,7.519616647,9.022207696,10.51525141,11.98166379,13.43802651,14.85519623,15.56060344,NULL,NULL,NULL,NULL,NULL,NULL,NULL,NULL,NULL,NULL,NULL,NULL,NULL,NULL,NULL,NULL,NULL,NULL,NULL,NULL,NULL,NULL,NULL,NULL,NULL,NULL,NULL,NULL,NULL,NULL
64,4,4,2,17,F,,,13300,0.398606927,25.98478904,2.210165314,29.82121536,0.347447143,0.300457482,0.238644654,0.137135827,0.010000666,-0.109094828,-0.197036322,-0.217143149,-0.20509131,-0.176960138,-0.160385965,-0.152856459,-0.143317287,-0.122723447,-0.098109608,-0.070480769,-0.043354596,-0.015223424,0.010897749,0.030989255,0.052085427,0.0761966,0.110357439,0.160597945,0.236967117,0.35755429,0.557030796,0.888156968,1.425802474,2.210165314,3.289483819,4.608484992,6.097826831,7.662540671,9.235294176,10.81960468,12.37175619,13.92039036,15.43385087,16.17751287,NULL,NULL,NULL,NULL,NULL,NULL,NULL,NULL,NULL,NULL,NULL,NULL,NULL,NULL,NULL,NULL,NULL,NULL,NULL,NULL,NULL,NULL,NULL,NULL,NULL,NULL,NULL,NULL,NULL,NULL
65,4,4,2,18,F,,,13300,0.398606927,26.06172245,2.155951236,29.86366437,0.289692536,0.263807963,0.222848889,0.126617149,0.009783742,-0.098507665,-0.165093072,-0.184445479,-0.175156552,-0.152803293,-0.142007033,-0.135732773,-0.12795118,-0.111125254,-0.090279327,-0.067423734,-0.044567808,-0.021209548,0.002149045,0.019477638,0.041328565,0.064686824,0.101109751,0.149089677,0.225710937,0.34152553,0.538239123,0.857055383,1.383898309,2.155951236,3.226477162,4.540705422,6.027787015,7.590742608,9.162743201,10.74127579,12.29166972,13.83352131,15.33919424,16.07833467,NULL,NULL,NULL,NULL,NULL,NULL,NULL,NULL,NULL,NULL,NULL,NULL,NULL,NULL,NULL,NULL,NULL,NULL,NULL,NULL,NULL,NULL,NULL,NULL,NULL,NULL,NULL,NULL,NULL,NULL
66,4,4,2,19,G,,,1330,0.398606927,31.9258565,1.302266602,34.87870609,0.146241247,0.124112042,0.109017503,0.083370965,0.046167426,-0.008622779,-0.079994984,-0.125740523,-0.145859728,-0.133820267,-0.101681805,-0.069543344,-0.037907216,-0.027375088,-0.018350293,-0.007818165,-0.001306037,0.006211091,0.011718219,0.012703014,0.013185142,0.01015027,0.013145065,0.01613986,0.025666654,0.032178782,0.046730577,0.061282372,0.097440833,0.145156628,0.236085423,0.375252218,0.592303012,0.898795474,1.302266602,1.80321873,2.375522858,3.007119653,3.673890114,4.000733242,NULL,NULL,NULL,NULL,NULL,NULL,NULL,NULL,NULL,NULL,NULL,NULL,NULL,NULL,NULL,NULL,NULL,NULL,NULL,NULL,NULL,NULL,NULL,NULL,NULL,NULL,NULL,NULL,NULL,NULL
67,4,4,2,20,G,,,1330,0.398606927,31.63705889,1.315995307,34.88095693,0.218657926,0.198992477,0.189628027,0.159661911,0.109596461,0.035914345,-0.065404104,-0.140593554,-0.17457967,-0.165352787,-0.156125903,-0.149411352,-0.141691802,-0.126434918,-0.108163034,-0.087378817,-0.066092267,-0.046313383,-0.0300515,-0.016301949,-0.003055065,0.006171818,0.018916035,0.033167919,0.05646447,0.075238687,0.098535237,0.118314454,0.157690338,0.202593555,0.287695105,0.413999989,0.61668154,0.912824423,1.315995307,1.855338524,2.470555741,3.151598292,3.848217175,4.189583392,NULL,NULL,NULL,NULL,NULL,NULL,NULL,NULL,NULL,NULL,NULL,NULL,NULL,NULL,NULL,NULL,NULL,NULL,NULL,NULL,NULL,NULL,NULL,NULL,NULL,NULL,NULL,NULL,NULL,NULL
68,4,4,2,21,G,,,1330,0.398606927,31.16201911,1.577236298,34.88276251,0.19139886,0.175644637,0.162905415,0.129564192,0.074616637,-0.004449919,-0.084019141,-0.134444697,-0.14165692,-0.128769809,-0.121410031,-0.117567587,-0.112217476,-0.097320365,-0.079408587,-0.06551681,-0.051624699,-0.039742588,-0.020323144,-0.007436033,0.006958412,0.016830522,0.032229967,0.045619744,0.063029189,0.079935966,0.102370077,0.124804188,0.168342632,0.22896541,0.338831187,0.505476965,0.761061743,1.115634854,1.577236298,2.146870742,2.794892186,3.510747964,4.261275075,4.633686186,NULL,NULL,NULL,NULL,NULL,NULL,NULL,NULL,NULL,NULL,NULL,NULL,NULL,NULL,NULL,NULL,NULL,NULL,NULL,NULL,NULL,NULL,NULL,NULL,NULL,NULL,NULL,NULL,NULL,NULL
69,4,4,2,22,G,,,1330,0.398606927,31.86215103,1.255157245,34.87147713,0.202405526,0.183800802,0.169215745,0.135536688,0.085275631,0.020442573,-0.064992151,-0.126810208,-0.157976932,-0.147437989,-0.140919047,-0.128872771,-0.121851161,-0.105282552,-0.090221276,-0.072647667,-0.055073724,-0.041519781,-0.024448505,-0.012402229,-0.000355953,0.009680656,0.025244266,0.037290875,0.053356818,0.061383427,0.08046437,0.095023312,0.131691255,0.177403865,0.262309807,0.389926417,0.588895359,0.873285635,1.255157245,1.735011854,2.29576613,2.920335073,3.592639682,3.921499291,NULL,NULL,NULL,NULL,NULL,NULL,NULL,NULL,NULL,NULL,NULL,NULL,NULL,NULL,NULL,NULL,NULL,NULL,NULL,NULL,NULL,NULL,NULL,NULL,NULL,NULL,NULL,NULL,NULL,NULL
70,4,4,2,23,G,,,1330,0.398606927,31.54753116,1.419039695,34.87291351,0.169980057,0.165129547,0.172338369,0.144876525,0.095807681,0.021615171,-0.063129673,-0.126770184,-0.154735028,-0.142501205,-0.139312049,-0.123560893,-0.121376737,-0.104118248,-0.089372092,-0.067088936,-0.044805447,-0.032068957,-0.007273135,0.002950688,0.014179511,0.008826667,0.015030489,0.023746645,0.040502468,0.047208957,0.06547278,0.089263603,0.139183425,0.195132915,0.286256071,0.428632227,0.656932049,0.984220539,1.419039695,1.965409184,2.582126007,3.275721829,3.997456985,4.360672641,NULL,NULL,NULL,NULL,NULL,NULL,NULL,NULL,NULL,NULL,NULL,NULL,NULL,NULL,NULL,NULL,NULL,NULL,NULL,NULL,NULL,NULL,NULL,NULL,NULL,NULL,NULL,NULL,NULL,NULL
71,4,4,2,24,G,,,1330,0.398606927,31.39970204,1.542254608,34.87253944,0.164712989,0.152667874,0.14941626,0.117523313,0.064024032,-0.011584582,-0.084178196,-0.12411081,-0.129372091,-0.112524372,-0.101706319,-0.082346267,-0.071528548,-0.059705828,-0.052405109,-0.043597057,-0.035794004,-0.034020952,-0.030740232,-0.028464513,-0.021666461,-0.015370741,0.001476978,0.013802364,0.033162416,0.045487802,0.068867855,0.091242574,0.136731626,0.194280012,0.300066732,0.459116117,0.71112417,1.068150556,1.542254608,2.137958994,2.822602047,3.584124433,4.382830152,4.778798538,NULL,NULL,NULL,NULL,NULL,NULL,NULL,NULL,NULL,NULL,NULL,NULL,NULL,NULL,NULL,NULL,NULL,NULL,NULL,NULL,NULL,NULL,NULL,NULL,NULL,NULL,NULL,NULL,NULL,NULL
72,4,4,2,25,H,,,133,0.398606927,35.93746662,0.519651729,36.87954138,0.250940691,0.22909377,0.207246683,0.170325263,0.119334176,0.066333423,-0.022343331,-0.120567418,-0.197184838,-0.219031925,-0.206208012,-0.187354432,-0.170008186,-0.149144272,-0.122753359,-0.09435278,-0.0639422,-0.045590953,-0.030254374,-0.022455127,-0.009631214,0.002187699,0.021041279,0.033362859,0.050206772,0.053986351,0.067312931,0.072599511,0.092458091,0.100759671,0.12363325,0.147009163,0.181439743,0.22692499,0.291504569,0.392262483,0.519651729,0.690756642,0.891507889,0.985482302,NULL,NULL,NULL,NULL,NULL,NULL,NULL,NULL,NULL,NULL,NULL,NULL,NULL,NULL,NULL,NULL,NULL,NULL,NULL,NULL,NULL,NULL,NULL,NULL,NULL,NULL,NULL,NULL,NULL,NULL
73,4,4,2,26,H,,,133,0.398606927,35.02349106,0.673643693,36.88513624,0.26027372,0.232088294,0.207922534,0.171194774,0.126427347,0.069600587,-0.029434506,-0.131986933,-0.203888026,-0.217501453,-0.202473547,-0.19046064,-0.1779454,-0.160907827,-0.131810587,-0.100703347,-0.069596107,-0.048538533,-0.03451596,-0.02501572,-0.014007813,0.005542426,0.028107666,0.047657573,0.065197813,0.07721072,0.09475096,0.103748866,0.121288773,0.127774346,0.15184692,0.178934493,0.226623733,0.286371973,0.376269213,0.505862119,0.673643693,0.894185599,1.156935839,1.286529079,NULL,NULL,NULL,NULL,NULL,NULL,NULL,NULL,NULL,NULL,NULL,NULL,NULL,NULL,NULL,NULL,NULL,NULL,NULL,NULL,NULL,NULL,NULL,NULL,NULL,NULL,NULL,NULL,NULL,NULL
74,4,4,2,27,H,,,133,0.398606927,36.56777085,0.540521183,37.94828534,0.173276762,0.161527674,0.155054753,0.137024832,0.106935578,0.075841323,0.019622736,-0.052675185,-0.11793844,-0.150037694,-0.150480949,-0.14539687,-0.140312791,-0.132716378,-0.118587633,-0.10244922,-0.080280808,-0.063137396,-0.050515984,-0.041411905,-0.028790492,-0.01365708,0.000973999,0.012590411,0.030739157,0.045370236,0.065528648,0.075637394,0.094790806,0.105401885,0.128072631,0.15174871,0.181956789,0.216184868,0.266491947,0.337903359,0.426399105,0.540521183,0.680269929,0.747661341,NULL,NULL,NULL,NULL,NULL,NULL,NULL,NULL,NULL,NULL,NULL,NULL,NULL,NULL,NULL,NULL,NULL,NULL,NULL,NULL,NULL,NULL,NULL,NULL,NULL,NULL,NULL,NULL,NULL,NULL
75,4,4,2,28,H,,,133,0.398606927,37.05622157,0.477420467,37.87027531,0.250623805,0.234237075,0.228151012,0.192921282,0.142616886,0.078745489,-0.010249574,-0.114318971,-0.199294034,-0.234524097,-0.234580493,-0.222577557,-0.210574286,-0.18852135,-0.16194608,-0.134366143,-0.101761539,-0.054082269,-0.014944999,0.015147605,0.028155875,0.042169145,0.052665082,0.058638352,0.065616622,0.076614892,0.088618162,0.100119099,0.111117369,0.115583639,0.129094243,0.147629513,0.17721945,0.207814387,0.250971324,0.309202594,0.382508197,0.477420467,0.596954404,0.647899841,NULL,NULL,NULL,NULL,NULL,NULL,NULL,NULL,NULL,NULL,NULL,NULL,NULL,NULL,NULL,NULL,NULL,NULL,NULL,NULL,NULL,NULL,NULL,NULL,NULL,NULL,NULL,NULL,NULL,NULL
76,4,4,2,29,H,,,133,0.398606927,34.0907046,0.474160909,34.69315948,0.266139908,0.254257824,0.244385574,0.205369324,0.140726408,0.068546491,-0.044836425,-0.139125342,-0.212812592,-0.224695175,-0.221000759,-0.202734342,-0.185975258,-0.159668842,-0.136377758,-0.119618675,-0.102859925,-0.082080842,-0.055774758,-0.033990675,-0.014216925,0.006059492,0.026335575,0.042591992,0.056838409,0.079627159,0.101411242,0.129727326,0.150003742,0.163747826,0.188546576,0.226912326,0.289396743,0.367458159,0.474160909,0.668797993,0.89760341,1.16861716,1.431088576,1.56040316,NULL,NULL,NULL,NULL,NULL,NULL,NULL,NULL,NULL,NULL,NULL,NULL,NULL,NULL,NULL,NULL,NULL,NULL,NULL,NULL,NULL,NULL,NULL,NULL,NULL,NULL,NULL,NULL,NULL,NULL
77,4,4,2,30,H,,,133,0.398606927,33.93877321,0.922342867,36.87087067,0.233506916,0.217635285,0.194728987,0.154236023,0.108215392,0.058174761,-0.020004537,-0.101701168,-0.165308465,-0.18017543,-0.175948061,-0.165188358,-0.155935989,-0.13713662,-0.121854585,-0.108582549,-0.095812846,-0.077013477,-0.056706775,-0.038912406,-0.022123037,-0.003323668,0.017485701,0.03226507,0.046542106,0.067351141,0.08916551,0.116506879,0.136813582,0.153100617,0.182954653,0.226878022,0.297432724,0.387584093,0.512406796,0.693004498,0.922342867,1.213988569,1.552867272,1.730198807,NULL,NULL,NULL,NULL,NULL,NULL,NULL,NULL,NULL,NULL,NULL,NULL,NULL,NULL,NULL,NULL,NULL,NULL,NULL,NULL,NULL,NULL,NULL,NULL,NULL,NULL,NULL,NULL,NULL,NULL